sxg1075,Frank ,Rob,E20030984110009520703F24,A
jaf1092,Mike,Thomas,E20030984110009520703F25,A
jxp1091,Miguel,Jacobs,E20030984110009520703F26,A
abc1032,Jamie,Sampson,E20030984110009520703F27,A
bcd1075,Carl,Thompson,E20030984110009520703G24,A
sex0066,Jimmy ,Johns,E20030984110009520703F28,A
axb0177,Papa,Johns,E20030984110009520703F29,A
dow1234,Damian,Wilson,E20030985110009520703F24,A
pdf3456,Picard,Folefack,E20030984220009520703F24,A
ham5678,Henry,Melton,E20030984110009520709F25,A
cxt7890,Cabana,Taco,E20030984110009520713F20,A