sxg8616,Sidharth,Goyal,E2001071360F00631080A7EC,A
vas7612,Vishal ,Singh,E2001071360F00631080A7EC,A
jqf1829,Joel ,Friberg,E2001071360F00631080A7EC,A
pof1098,Picard,Folefack,E2001071360F00631080A7EC,A
pgs1654,Pinocchio ,Shmais,E2001071360F00631080A7EC,A
jbt1029,Johny,Tran,E2001071360F00631080A7EC,A
jbd1111,John,Doe,E2001071360F00631080A7EC,A
tgl1987,That,Le,E2001071360F00631080A7EC,A
gsd9826,Grabdpa,Deen,E2001071360F00631080A7EC,A
smp1983,Stinky,Patel,E2001071360F00631080A7EC,A
fum7836,Fisher,Man,E2001071360F00631080A7EC,A
